{
    "test_accuracy": 0.9555555555555556,
    "test_f1_score": 0.9555555555555556
}
