{
    "test accuracy": 0.9555555555555556,
    "test f1 score": 0.9555555555555556
}
